{"accuracy": 0.9, "precision": 0.9033333333333334, "recall": 0.9, "f1_score": 0.900250626566416}