{"accuracy": 0.9722222222222222, "precision": 0.9722222222222222, "recall": 0.9722222222222222, "f1_score": 0.9722222222222222}